TWITCH USERNAME,YOUTUBE,X (TWITTER),BLUESKY,SRC PROFILE,PERSONAL WEBSITE
Paulsaltine,@paulsaltine,paulsaltine,paulsaltine.bsky.social,PaulSaltine,
petaq_src,@aBetterMove,,,petaQ,
arnaud33200,@arnaud33200,,,arnaud33200,
BaconOmelette,@BaconOmelette,@BaconOmelette,@BaconOmelette.com,BaconOmelette,www.baconomelette.com
SauloAndrade_,@sauloandrade_,,sauloandrade.bsky.social,SauloAndrade,
LynnCarius,@lynncarius0360,,,LynnCarius,
ReddyLion,@reddylion1,,,ReddyLion,
Estacaco,@estacaco,@EstacacoSR,estacaco.bsky.social,Estacaco,
DrMooCowz,@DrMooCowz,,drmoocowz.bsky.social,DrMooCowz,
shimegabriel,@shimegabriel,@ShimeGabriel,shimegabriel.bsky.social,Shime,
ZendoiKaban,ZendoiKaban,,zendoikaban.bsky.social,ZendoiKaban,